{
	"info": {
		"name": "UserAPI",
		"description": "REST API endpoints for User management",
		"schema": "https://schema.getpostman.com/json/collection/v2.1.0/collection.json"
	},
	"item": [
		{
			"name": "List Users",
			"request": {
				"method": "GET",
				"header": [],
				"url": {
					"raw": "{{baseUrl}}/api/users",
					"host": ["{{baseUrl}}"],
					"path": ["api", "users"]
				}
			}
		},
		{
			"name": "Get User",
			"request": {
				"method": "GET",
				"header": [],
				"url": {
					"raw": "{{baseUrl}}/api/users/1",
					"host": ["{{baseUrl}}"],
					"path": ["api", "users", "1"]
				}
			}
		},
		{
			"name": "Create User",
			"request": {
				"method": "POST",
				"header": [
					{
						"key": "Content-Type",
						"value": "application/json"
					}
				],
				"body": {
					"mode": "raw",
					"raw": "{\n    \"name\": \"John Doe\",\n    \"email\": \"john@example.com\"\n}"
				},
				"url": {
					"raw": "{{baseUrl}}/api/users",
					"host": ["{{baseUrl}}"],
					"path": ["api", "users"]
				}
			}
		},
		{
			"name": "Update User",
			"request": {
				"method": "PUT",
				"header": [
					{
						"key": "Content-Type",
						"value": "application/json"
					}
				],
				"body": {
					"mode": "raw",
					"raw": "{\n    \"name\": \"John Updated\",\n    \"email\": \"john.updated@example.com\"\n}"
				},
				"url": {
					"raw": "{{baseUrl}}/api/users/1",
					"host": ["{{baseUrl}}"],
					"path": ["api", "users", "1"]
				}
			}
		},
		{
			"name": "Delete User",
			"request": {
				"method": "DELETE",
				"header": [],
				"url": {
					"raw": "{{baseUrl}}/api/users/1",
					"host": ["{{baseUrl}}"],
					"path": ["api", "users", "1"]
				}
			}
		}
	],
	"variable": [
		{
			"key": "baseUrl",
			"value": "http://localhost:8000"
		}
	]
}
